message,label
The pre-placement talk by TCS starts at 2 PM.,Placement
The aptitude preparation session will be conducted by the placement cell.,Placement
Get premium membership at a special introductory price.,Promotional
The HR interview for shortlisted candidates will be held tomorrow.,Placement
The timetable for the upcoming semester examination has been published.,Academic
The Cloud Computing practical will be conducted in Lab 1 at 9 AM.,Academic
The Data Science unit test will be conducted next week.,Academic
Free gift for selected customers. Claim your reward today.,Promotional
Students selected for the next placement round will receive an email.,Placement
Please bring your laboratory record for today's practical.,Academic
Submit your Python assignment before Thursday.,Academic
The Data Science practical will be conducted in Lab 1 at 9 AM.,Academic
The placement training session on interview skills starts at 11 AM.,Placement
The department has uploaded notes for the next Cloud Computing unit.,Academic
The question bank for Cloud Computing is available on the LMS.,Academic
Mega sale starts today with discounts up to 70 percent.,Promotional
Buy one get one free. Offer valid for a limited time.,Promotional
The DBMS lecture is shifted to Room 305.,Academic
The faculty has uploaded important study material for DBMS.,Academic
Limited time offer! Get free delivery on your next order.,Promotional
The semester registration deadline is Friday.,Academic
Special student discount available. Click to activate the offer.,Promotional
The aptitude preparation session will be conducted by the placement cell.,Placement
Claim complimentary movie tickets before they expire.,Promotional
The pre-placement talk by Wipro starts at 2 PM.,Placement
The internal assessment for Artificial Intelligence is scheduled on Friday.,Academic
Win exciting prizes by participating in our lucky contest.,Promotional
The placement coordinator has shared details of the upcoming recruitment drive.,Placement
Students must complete the course feedback before the academic deadline.,Academic
The coding assessment for Infosys will be conducted online.,Placement
The coding contest for recruitment will be conducted on Saturday.,Placement
The classroom for today's lecture has changed to Room 204.,Academic
Limited time offer! Get free delivery on your next order.,Promotional
The university examination form must be submitted before the deadline.,Academic
The examination seating arrangement has been published.,Academic
The aptitude test for the placement drive will begin at 9 AM.,Placement
The university examination form must be submitted before the deadline.,Academic
The result of the internal assessment is now available on the student portal.,Academic
Enjoy instant cashback on your next online purchase.,Promotional
Flash sale! Grab your favourite products before they sell out.,Promotional
Mega sale starts today with discounts up to 70 percent.,Promotional
Flash sale! Grab your favourite products before they sell out.,Promotional
Win exciting prizes by participating in our lucky contest.,Promotional
The Machine Learning unit test will be conducted next week.,Academic
Enjoy a festive sale with exciting discounts and rewards.,Promotional
Students selected for the academic workshop should report at 3 PM.,Academic
Claim complimentary movie tickets before they expire.,Promotional
The campus hiring process will include an aptitude test and interview.,Placement
Limited offer! Get an extra discount on your purchase.,Promotional
The project review meeting is scheduled for Thursday.,Academic
The Python lecture is shifted to Room 305.,Academic
Submit your DBMS assignment before Saturday.,Academic
Free recharge available for selected users. Activate now.,Promotional
Get 80 percent off on selected shoes. Limited time offer!,Promotional
Get a free gift voucher with your next purchase.,Promotional
Congratulations! You qualify for an exclusive bonus.,Promotional
Students interested in the internship drive should submit their resumes.,Placement
The campus placement drive by Accenture is scheduled for Saturday.,Placement
Special offer just for you. Shop before midnight.,Promotional
Bring your identity card for tomorrow's university examination.,Academic
The placement cell has published the list of eligible candidates.,Placement
Congratulations! You qualify for an exclusive bonus.,Promotional
Claim your exclusive shopping voucher before it expires.,Promotional
Students interested in the internship drive should submit their resumes.,Placement
The Cloud Computing seminar starts at 10 AM in the seminar hall.,Academic
The placement training session on interview skills starts at 9 AM.,Placement
Bring your identity card for tomorrow's university examination.,Academic
The project review meeting is scheduled for Monday.,Academic
Hurry! Your exclusive coupon is waiting for you.,Promotional
Students must submit the project synopsis by Monday.,Academic
Win a brand-new smartphone by entering our contest.,Promotional
The company has announced openings for software engineering roles.,Placement
Earn rewards by inviting your friends to the program.,Promotional
The HR interview for shortlisted candidates will be held tomorrow.,Placement
The aptitude test for the placement drive will begin at 9 AM.,Placement
The Machine Learning lecture is shifted to Room Lab 2.,Academic
Students are requested to attend the compulsory academic session.,Academic
The company has announced openings for software engineering roles.,Placement
Eligible students should register for the Deloitte recruitment process.,Placement
Get premium membership at a special introductory price.,Promotional
The coding contest for recruitment will be conducted on Saturday.,Placement
Get 80 percent off on selected shoes. Limited time offer!,Promotional
Submit your Python assignment before Tuesday.,Academic
Mega sale starts today with discounts up to 70 percent.,Promotional
Enjoy a festive sale with exciting discounts and rewards.,Promotional
Click now to unlock your exclusive coupon.,Promotional
Bring your updated resume for tomorrow's placement drive.,Placement
You have been selected for a surprise reward. Claim now!,Promotional
The internship interview schedule has been released.,Placement
Bring your identity card for tomorrow's university examination.,Academic
The coding assessment for TCS will be conducted online.,Placement
The department has uploaded notes for the next Artificial Intelligence unit.,Academic
Your lucky number has won a shopping voucher.,Promotional
Special student discount available. Click to activate the offer.,Promotional
The internship interview schedule has been released.,Placement
Eligible students should attend the mandatory pre-placement briefing.,Placement
The practical examination schedule has been announced.,Academic
Please bring your laboratory record for today's practical.,Academic
Limited offer! Get an extra discount on your purchase.,Promotional
The placement drive is open to eligible final-year students.,Placement
The assignment submission portal will close at 9 AM.,Academic
The campus placement drive by Accenture is scheduled for Wednesday.,Placement
A special cashback offer is waiting for you.,Promotional
Claim your exclusive shopping voucher before it expires.,Promotional
Your lucky number has won a shopping voucher.,Promotional
Eligible students should register for the Deloitte recruitment process.,Placement
Don't miss our biggest sale of the year.,Promotional
Bring your updated resume for tomorrow's placement drive.,Placement
Win a brand-new smartphone by entering our contest.,Promotional
The placement drive is open to eligible final-year students.,Placement
Students shortlisted for the technical round should check the placement portal.,Placement
The assignment submission portal will close at 11 AM.,Academic
The placement registration deadline is Friday.,Placement
Claim your exclusive shopping voucher before it expires.,Promotional
The viva examination for the project is scheduled on Monday.,Academic
Congratulations! You have won a special cashback reward.,Promotional
Click now to unlock your exclusive coupon.,Promotional
The university examination form must be submitted before the deadline.,Academic
Earn rewards by inviting your friends to the program.,Promotional
Students selected for the next placement round will receive an email.,Placement
The company presentation for candidates will be held in the seminar hall.,Placement
Students must complete the course feedback before the academic deadline.,Academic
The classroom for today's lecture has changed to Room 101.,Academic
Enjoy instant cashback on your next online purchase.,Promotional
The internship selection process will begin with an online assessment.,Placement
The viva examination for the project is scheduled on Thursday.,Academic
The college will conduct a remedial lecture for Python.,Academic
The technical interview round is scheduled for Saturday.,Placement
The college will conduct a remedial lecture for Machine Learning.,Academic
The coding assessment for TCS will be conducted online.,Placement
Special offer just for you. Shop before midnight.,Promotional
Limited time offer! Get free delivery on your next order.,Promotional
A new campus recruitment opportunity has been shared by the placement cell.,Placement
Students shortlisted for the interview must report to the placement cell.,Placement
The department has announced a holiday adjustment for the academic schedule.,Academic
Get 50 percent off on selected products. Shop now!,Promotional
Get a free gift voucher with your next purchase.,Promotional
Enjoy instant cashback on your next online purchase.,Promotional
Hurry! Your exclusive coupon is waiting for you.,Promotional
The academic calendar for the next semester is now available.,Academic
The technical interview round is scheduled for Monday.,Placement
Eligible students should attend the mandatory pre-placement briefing.,Placement
A new campus recruitment opportunity has been shared by the placement cell.,Placement
Students shortlisted for the interview must report to the placement cell.,Placement
Students shortlisted for the interview must report to the placement cell.,Placement
The campus hiring process will include an aptitude test and interview.,Placement
"The recruitment test includes aptitude, coding, and technical sections.",Placement
Get 50 percent off on selected products. Shop now!,Promotional
Get 50 percent off on selected products. Shop now!,Promotional
Unlock a special discount available only this week.,Promotional
Get a free gift voucher with your next purchase.,Promotional
Save more with our exclusive student shopping offer.,Promotional
Free recharge available for selected users. Activate now.,Promotional
The result of the internal assessment is now available on the student portal.,Academic
The semester registration deadline is Friday.,Academic
"The recruitment test includes aptitude, coding, and technical sections.",Placement
Students shortlisted for the technical round should check the placement portal.,Placement
Congratulations! You have won a special cashback reward.,Promotional
Students interested in the internship drive should submit their resumes.,Placement
The aptitude test for the placement drive will begin at 2 PM.,Placement
The company is hiring fresh graduates for software development roles.,Placement
The practical examination schedule has been announced.,Academic
Attendance shortage students should meet the department coordinator.,Academic
The company presentation for candidates will be held in the seminar hall.,Placement
The placement registration deadline is Wednesday.,Placement
Bring your updated resume for tomorrow's placement drive.,Placement
The question bank for Machine Learning is available on the LMS.,Academic
Don't miss our biggest sale of the year.,Promotional
Students selected for the academic workshop should report at 3 PM.,Academic
The placement coordinator has shared details of the upcoming recruitment drive.,Placement
The internship selection process will begin with an online assessment.,Placement
The examination seating arrangement has been published.,Academic
Unlock a special discount available only this week.,Promotional
Eligible students should register for the Deloitte recruitment process.,Placement
The company is hiring fresh graduates for software development roles.,Placement
Shortlisted students must carry their college ID and resume.,Placement
Candidates must complete the placement registration form before Thursday.,Placement
The faculty has uploaded important study material for Artificial Intelligence.,Academic
Submit the laboratory journal before the practical examination.,Academic
The pre-placement talk by Accenture starts at 2 PM.,Placement
The placement registration deadline is Monday.,Placement
The DBMS practical will be conducted in Lab 1 at 11 AM.,Academic
The Data Science seminar starts at 10 AM in the seminar hall.,Academic
Attendance shortage students should meet the department coordinator.,Academic
A special cashback offer is waiting for you.,Promotional
Students must submit the project synopsis by Saturday.,Academic
The placement cell has published the list of eligible candidates.,Placement
Buy one get one free. Offer valid for a limited time.,Promotional
The internal assessment for Machine Learning is scheduled on Monday.,Academic
Candidates must complete the placement registration form before Saturday.,Placement
The timetable for the upcoming semester examination has been published.,Academic
Win exciting prizes by participating in our lucky contest.,Promotional
The department has uploaded notes for the next DBMS unit.,Academic
Save more with our exclusive student shopping offer.,Promotional
The department has announced a holiday adjustment for the academic schedule.,Academic
Students are requested to attend the compulsory academic session.,Academic
Students must submit the project synopsis by Monday.,Academic
The company has announced openings for software engineering roles.,Placement
The timetable for the upcoming semester examination has been published.,Academic
Special student discount available. Click to activate the offer.,Promotional
The campus placement drive by Wipro is scheduled for Tuesday.,Placement
The internal assessment for Data Science is scheduled on Monday.,Academic
You have been selected for a surprise reward. Claim now!,Promotional
Congratulations! You have won a special cashback reward.,Promotional
Attendance shortage students should meet the department coordinator.,Academic
Free gift for selected customers. Claim your reward today.,Promotional
Shortlisted students must carry their college ID and resume.,Placement
Submit the laboratory journal before the practical examination.,Academic
Hurry! Your exclusive coupon is waiting for you.,Promotional
The academic calendar for the next semester is now available.,Academic
